Workbook
Name PlayerNames: Setup!$C$14:$C$33

Sheet How to Play
B2: 🐺 WEREWOLVES — the spreadsheet edition
B3: A parlour game of lies, fangs and formulas. 5–20 players plus one moderator, who drives this workbook.
B5: THE IDEA
B6: A few of you are secretly werewolves; everyone else is a villager (some with special powers).
B7: Each NIGHT the wolves secretly eat someone. Each DAY the whole village votes someone out.
B8: The village wins when every wolf is gone. The wolves win when they are as many as the rest of the town.
B10: COLOUR CODE
B11: 🟡 Yellow cells are the only cells you ever type in. Grey cells compute themselves — leave them be.
B13: HOW TO RUN A GAME — the moderator's checklist
B14: 1. SETUP sheet: type the player names, set the role counts (it suggests a wolf count) and any seed number.
B15: 2. ROLE CARDS sheet: pass the device around — each player picks their name, memorises their secret role,
B16: clears the yellow cell, and passes it on. (Suspicious table? The moderator whispers roles instead.)
... B42: • Honour system: players seeing Role Cards must resist peeking at Setup or the Game Board. Wolves have no honour — everyone else does.

Sheet Setup
B1: 🐺 Werewolves — Setup
B2: 🟡 yellow = you type · grey = automatic. Fill names, tweak roles, then deal with the Role Cards sheet.
B4: Game seed | C4: 42 | D4: any whole number — change it to re-deal every role
B6: 🐺 Werewolves | C6: 2 | D6: ="suggested: "&MAX(1,ROUNDDOWN(COUNTA($C$14:$C$33)/4,0))
B7: 🔮 Seer | C7: 1 | D7: 0 or 1
B8: 💉 Doctor | C8: 1 | D8: 0 or 1
B9: 🏹 Hunter | C9: 0 | D9: 0 or 1
B10: 🌾 Villagers | C10: =IF(COUNTA($C$14:$C$33)=0,0,COUNTA($C$14:$C$33)-SUM($C$6:$C$9)) | D10: automatic: everyone else
B12: =IF(COUNTA($C$14:$C$33)=0,"",IF($C$10<0,"⚠️ More roles than players — reduce the special roles!",IF($C$6<1,"⚠️ You need at least one Werewolf.",IF($C$6>=COUNTA($C$14:$C$33)-$C$6,"⚠️ Too many wolves — they would win instantly!","✅ Setup looks good — deal the roles!"))))
B13: # | C13: Player name | D13: 🎲 shuffle | E13: deal order | F13: 🤫 SECRET ROLE | H13: 🐺 pack (mod only)
B14: 1 | C14: Aria | D14: =IF($C14="","",ROUND(ABS(SIN($C$4*1.98987+ROW()*7.23319))*100000,4)+ROW()/100000) | E14: =IF($C14="","",RANK(D14,$D$14:$D$33,1)) | F14: =IF($C14="","",IF($C$10<0,"⚠️",IF(E14<=$C$6,"Werewolf",IF(E14<=$C$6+$C$7,"Seer",IF(E14<=$C$6+$C$7+$C$8,"Doctor",IF(E14<=SUM($C$6:$C$9),"Hunter","Villager")))))) | H14: =IF($F14="Werewolf",$C14,"")
B15: 2 | C15: Ben | D15: =IF($C15="","",ROUND(ABS(SIN($C$4*1.98987+ROW()*7.23319))*100000,4)+ROW()/100000) | E15: =IF($C15="","",RANK(D15,$D$14:$D$33,1)) | F15: =IF($C15="","",IF($C$10<0,"⚠️",IF(E15<=$C$6,"Werewolf",IF(E15<=$C$6+$C$7,"Seer",IF(E15<=$C$6+$C$7+$C$8,"Doctor",IF(E15<=SUM($C$6:$C$9),"Hunter","Villager")))))) | H15: =IF($F15="Werewolf",$C15,"")
B16: 3 | C16: Chloe | D16: =IF($C16="","",ROUND(ABS(SIN($C$4*1.98987+ROW()*7.23319))*100000,4)+ROW()/100000) | E16: =IF($C16="","",RANK(D16,$D$14:$D$33,1)) | F16: =IF($C16="","",IF($C$10<0,"⚠️",IF(E16<=$C$6,"Werewolf",IF(E16<=$C$6+$C$7,"Seer",IF(E16<=$C$6+$C$7+$C$8,"Doctor",IF(E16<=SUM($C$6:$C$9),"Hunter","Villager")))))) | H16: =IF($F16="Werewolf",$C16,"")
B17: 4 | C17: Dev | D17: =IF($C17="","",ROUND(ABS(SIN($C$4*1.98987+ROW()*7.23319))*100000,4)+ROW()/100000) | E17: =IF($C17="","",RANK(D17,$D$14:$D$33,1)) | F17: =IF($C17="","",IF($C$10<0,"⚠️",IF(E17<=$C$6,"Werewolf",IF(E17<=$C$6+$C$7,"Seer",IF(E17<=$C$6+$C$7+$C$8,"Doctor",IF(E17<=SUM($C$6:$C$9),"Hunter","Villager")))))) | H17: =IF($F17="Werewolf",$C17,"")
B18: 5 | C18: Elle | D18: =IF($C18="","",ROUND(ABS(SIN($C$4*1.98987+ROW()*7.23319))*100000,4)+ROW()/100000) | E18: =IF($C18="","",RANK(D18,$D$14:$D$33,1)) | F18: =IF($C18="","",IF($C$10<0,"⚠️",IF(E18<=$C$6,"Werewolf",IF(E18<=$C$6+$C$7,"Seer",IF(E18<=$C$6+$C$7+$C$8,"Doctor",IF(E18<=SUM($C$6:$C$9),"Hunter","Villager")))))) | H18: =IF($F18="Werewolf",$C18,"")
B19: 6 | C19: Finn | D19: =IF($C19="","",ROUND(ABS(SIN($C$4*1.98987+ROW()*7.23319))*100000,4)+ROW()/100000) | E19: =IF($C19="","",RANK(D19,$D$14:$D$33,1)) | F19: =IF($C19="","",IF($C$10<0,"⚠️",IF(E19<=$C$6,"Werewolf",IF(E19<=$C$6+$C$7,"Seer",IF(E19<=$C$6+$C$7+$C$8,"Doctor",IF(E19<=SUM($C$6:$C$9),"Hunter","Villager")))))) | H19: =IF($F19="Werewolf",$C19,"")
B20: 7 | C20: Grace | D20: =IF($C20="","",ROUND(ABS(SIN($C$4*1.98987+ROW()*7.23319))*100000,4)+ROW()/100000) | E20: =IF($C20="","",RANK(D20,$D$14:$D$33,1)) | F20: =IF($C20="","",IF($C$10<0,"⚠️",IF(E20<=$C$6,"Werewolf",IF(E20<=$C$6+$C$7,"Seer",IF(E20<=$C$6+$C$7+$C$8,"Doctor",IF(E20<=SUM($C$6:$C$9),"Hunter","Villager")))))) | H20: =IF($F20="Werewolf",$C20,"")
B21: 8 | C21: Hugo | D21: =IF($C21="","",ROUND(ABS(SIN($C$4*1.98987+ROW()*7.23319))*100000,4)+ROW()/100000) | E21: =IF($C21="","",RANK(D21,$D$14:$D$33,1)) | F21: =IF($C21="","",IF($C$10<0,"⚠️",IF(E21<=$C$6,"Werewolf",IF(E21<=$C$6+$C$7,"Seer",IF(E21<=$C$6+$C$7+$C$8,"Doctor",IF(E21<=SUM($C$6:$C$9),"Hunter","Villager")))))) | H21: =IF($F21="Werewolf",$C21,"")
B22: 9 | D22: =IF($C22="","",ROUND(ABS(SIN($C$4*1.98987+ROW()*7.23319))*100000,4)+ROW()/100000) | E22: =IF($C22="","",RANK(D22,$D$14:$D$33,1)) | F22: =IF($C22="","",IF($C$10<0,"⚠️",IF(E22<=$C$6,"Werewolf",IF(E22<=$C$6+$C$7,"Seer",IF(E22<=$C$6+$C$7+$C$8,"Doctor",IF(E22<=SUM($C$6:$C$9),"Hunter","Villager")))))) | H22: =IF($F22="Werewolf",$C22,"")
B23: 10 | D23: =IF($C23="","",ROUND(ABS(SIN($C$4*1.98987+ROW()*7.23319))*100000,4)+ROW()/100000) | E23: =IF($C23="","",RANK(D23,$D$14:$D$33,1)) | F23: =IF($C23="","",IF($C$10<0,"⚠️",IF(E23<=$C$6,"Werewolf",IF(E23<=$C$6+$C$7,"Seer",IF(E23<=$C$6+$C$7+$C$8,"Doctor",IF(E23<=SUM($C$6:$C$9),"Hunter","Villager")))))) | H23: =IF($F23="Werewolf",$C23,"")
B24: 11 | D24: =IF($C24="","",ROUND(ABS(SIN($C$4*1.98987+ROW()*7.23319))*100000,4)+ROW()/100000) | E24: =IF($C24="","",RANK(D24,$D$14:$D$33,1)) | F24: =IF($C24="","",IF($C$10<0,"⚠️",IF(E24<=$C$6,"Werewolf",IF(E24<=$C$6+$C$7,"Seer",IF(E24<=$C$6+$C$7+$C$8,"Doctor",IF(E24<=SUM($C$6:$C$9),"Hunter","Villager")))))) | H24: =IF($F24="Werewolf",$C24,"")
B25: 12 | D25: =IF($C25="","",ROUND(ABS(SIN($C$4*1.98987+ROW()*7.23319))*100000,4)+ROW()/100000) | E25: =IF($C25="","",RANK(D25,$D$14:$D$33,1)) | F25: =IF($C25="","",IF($C$10<0,"⚠️",IF(E25<=$C$6,"Werewolf",IF(E25<=$C$6+$C$7,"Seer",IF(E25<=$C$6+$C$7+$C$8,"Doctor",IF(E25<=SUM($C$6:$C$9),"Hunter","Villager")))))) | H25: =IF($F25="Werewolf",$C25,"")
B26: 13 | D26: =IF($C26="","",ROUND(ABS(SIN($C$4*1.98987+ROW()*7.23319))*100000,4)+ROW()/100000) | E26: =IF($C26="","",RANK(D26,$D$14:$D$33,1)) | F26: =IF($C26="","",IF($C$10<0,"⚠️",IF(E26<=$C$6,"Werewolf",IF(E26<=$C$6+$C$7,"Seer",IF(E26<=$C$6+$C$7+$C$8,"Doctor",IF(E26<=SUM($C$6:$C$9),"Hunter","Villager")))))) | H26: =IF($F26="Werewolf",$C26,"")
B27: 14 | D27: =IF($C27="","",ROUND(ABS(SIN($C$4*1.98987+ROW()*7.23319))*100000,4)+ROW()/100000) | E27: =IF($C27="","",RANK(D27,$D$14:$D$33,1)) | F27: =IF($C27="","",IF($C$10<0,"⚠️",IF(E27<=$C$6,"Werewolf",IF(E27<=$C$6+$C$7,"Seer",IF(E27<=$C$6+$C$7+$C$8,"Doctor",IF(E27<=SUM($C$6:$C$9),"Hunter","Villager")))))) | H27: =IF($F27="Werewolf",$C27,"")
B28: 15 | D28: =IF($C28="","",ROUND(ABS(SIN($C$4*1.98987+ROW()*7.23319))*100000,4)+ROW()/100000) | E28: =IF($C28="","",RANK(D28,$D$14:$D$33,1)) | F28: =IF($C28="","",IF($C$10<0,"⚠️",IF(E28<=$C$6,"Werewolf",IF(E28<=$C$6+$C$7,"Seer",IF(E28<=$C$6+$C$7+$C$8,"Doctor",IF(E28<=SUM($C$6:$C$9),"Hunter","Villager")))))) | H28: =IF($F28="Werewolf",$C28,"")
B29: 16 | D29: =IF($C29="","",ROUND(ABS(SIN($C$4*1.98987+ROW()*7.23319))*100000,4)+ROW()/100000) | E29: =IF($C29="","",RANK(D29,$D$14:$D$33,1)) | F29: =IF($C29="","",IF($C$10<0,"⚠️",IF(E29<=$C$6,"Werewolf",IF(E29<=$C$6+$C$7,"Seer",IF(E29<=$C$6+$C$7+$C$8,"Doctor",IF(E29<=SUM($C$6:$C$9),"Hunter","Villager")))))) | H29: =IF($F29="Werewolf",$C29,"")
B30: 17 | D30: =IF($C30="","",ROUND(ABS(SIN($C$4*1.98987+ROW()*7.23319))*100000,4)+ROW()/100000) | E30: =IF($C30="","",RANK(D30,$D$14:$D$33,1)) | F30: =IF($C30="","",IF($C$10<0,"⚠️",IF(E30<=$C$6,"Werewolf",IF(E30<=$C$6+$C$7,"Seer",IF(E30<=$C$6+$C$7+$C$8,"Doctor",IF(E30<=SUM($C$6:$C$9),"Hunter","Villager")))))) | H30: =IF($F30="Werewolf",$C30,"")
B31: 18 | D31: =IF($C31="","",ROUND(ABS(SIN($C$4*1.98987+ROW()*7.23319))*100000,4)+ROW()/100000) | E31: =IF($C31="","",RANK(D31,$D$14:$D$33,1)) | F31: =IF($C31="","",IF($C$10<0,"⚠️",IF(E31<=$C$6,"Werewolf",IF(E31<=$C$6+$C$7,"Seer",IF(E31<=$C$6+$C$7+$C$8,"Doctor",IF(E31<=SUM($C$6:$C$9),"Hunter","Villager")))))) | H31: =IF($F31="Werewolf",$C31,"")
B32: 19 | D32: =IF($C32="","",ROUND(ABS(SIN($C$4*1.98987+ROW()*7.23319))*100000,4)+ROW()/100000) | E32: =IF($C32="","",RANK(D32,$D$14:$D$33,1)) | F32: =IF($C32="","",IF($C$10<0,"⚠️",IF(E32<=$C$6,"Werewolf",IF(E32<=$C$6+$C$7,"Seer",IF(E32<=$C$6+$C$7+$C$8,"Doctor",IF(E32<=SUM($C$6:$C$9),"Hunter","Villager")))))) | H32: =IF($F32="Werewolf",$C32,"")
B33: 20 | D33: =IF($C33="","",ROUND(ABS(SIN($C$4*1.98987+ROW()*7.23319))*100000,4)+ROW()/100000) | E33: =IF($C33="","",RANK(D33,$D$14:$D$33,1)) | F33: =IF($C33="","",IF($C$10<0,"⚠️",IF(E33<=$C$6,"Werewolf",IF(E33<=$C$6+$C$7,"Seer",IF(E33<=$C$6+$C$7+$C$8,"Doctor",IF(E33<=SUM($C$6:$C$9),"Hunter","Villager")))))) | H33: =IF($F33="Werewolf",$C33,"")

Sheet Role Cards
B1: 🎭 Role Cards — for players' eyes only
J2: cheat sheet (public info)
B3: 1) Pick your name: | J3: Werewolf | K3: 🐺 | L3: Each night you and your pack silently agree on one villager to eat. By day: act shocked, point fingers, survive the vote. You win when the wolves are as many as the rest of the town.
J4: Seer | K4: 🔮 | L4: Each night, choose one player — the moderator tells you whether they are a werewolf. Deadly knowledge: reveal too much and the wolves will come for you.
B5: =IF($C$3="","👆 pick your name above…",IFERROR(VLOOKUP(VLOOKUP($C$3,Setup!$C$14:$F$33,4,FALSE),$J$3:$L$7,2,FALSE)&" You are: "&UPPER(VLOOKUP($C$3,Setup!$C$14:$F$33,4,FALSE)),"(roles not dealt yet)")) | J5: Doctor | K5: 💉 | L5: Each night, choose one player to protect (yourself included). If the wolves attack that player, they survive the night.
J6: Hunter | K6: 🏹 | L6: You die loudly. Whether eaten or voted out, you immediately fire one last shot and take a player of your choice down with you.
J7: Villager | K7: 🌾 | L7: No powers — just eyes, ears and a vote. Find the liars, rally the town and vote the wolves out before you're dinner.
B8: =IF($C$3="","",IFERROR(VLOOKUP(VLOOKUP($C$3,Setup!$C$14:$F$33,4,FALSE),$J$3:$L$7,3,FALSE),""))
B13: =IF($C$3="","",IF(IFERROR(VLOOKUP($C$3,Setup!$C$14:$F$33,4,FALSE),"")="Werewolf","🐺 Your pack: "&TEXTJOIN(", ",TRUE,Setup!$H$14:$H$33),""))
B15: 2) Memorise it, CLEAR your name (select the yellow cell, press Delete), then pass the device on. No scrolling to other sheets — you're on your honour!

Sheet Night
A1: 🌙 Night — moderator only
A2: Wake the roles in order: Werewolves → Doctor → Seer. Fill in one row per night; the sheet resolves it.
A3: Night | B3: 🐺 wolves attack | C3: 💉 doctor protects | D3: 🔮 seer inspects | E3: 🔮 the seer learns… | F3: 🌅 morning announcement | G3: victim (auto) | H3: ⚠️ checks
A4: 1 | E4: =IF($D4="","",$D4&" → "&IFERROR(IF(VLOOKUP($D4,Setup!$C$14:$F$33,4,FALSE)="Werewolf","🐺 IS A WEREWOLF","✅ not a werewolf"),"?")) | F4: =IF($B4="","",IF($B4=$C4,"🛡️ The wolves attacked "&$B4&" — but the Doctor was there! Nobody died.","☠️ "&$B4&" was killed in the night.")) | G4: =IF(OR($B4="",$B4=$C4),"",$B4) | H4: =TRIM(IF(AND($B4<>"",IFERROR(VLOOKUP($B4,'Game Board'!$B$11:$F$30,5,FALSE),999)<2*$A4-1,IFERROR(VLOOKUP($B4,'Game Board'!$B$11:$F$30,5,FALSE),999)<>""),"⚠️ "&$B4&" is already dead. ","")&IF(AND($C4<>"",IFERROR(VLOOKUP($C4,'Game Board'!$B$11:$F$30,5,FALSE),999)<2*$A4-1,IFERROR(VLOOKUP($C4,'Game Board'!$B$11:$F$30,5,FALSE),999)<>""),"⚠️ "&$C4&" is already dead. ","")&IF(AND($D4<>"",IFERROR(VLOOKUP($D4,'Game Board'!$B$11:$F$30,5,FALSE),999)<2*$A4-1,IFERROR(VLOOKUP($D4,'Game Board'!$B$11:$F$30,5,FALSE),999)<>""),"⚠️ "&$D4&" is already dead. ",""))
A5: 2 | E5: =IF($D5="","",$D5&" → "&IFERROR(IF(VLOOKUP($D5,Setup!$C$14:$F$33,4,FALSE)="Werewolf","🐺 IS A WEREWOLF","✅ not a werewolf"),"?")) | F5: =IF($B5="","",IF($B5=$C5,"🛡️ The wolves attacked "&$B5&" — but the Doctor was there! Nobody died.","☠️ "&$B5&" was killed in the night.")) | G5: =IF(OR($B5="",$B5=$C5),"",$B5) | H5: =TRIM(IF(AND($B5<>"",IFERROR(VLOOKUP($B5,'Game Board'!$B$11:$F$30,5,FALSE),999)<2*$A5-1,IFERROR(VLOOKUP($B5,'Game Board'!$B$11:$F$30,5,FALSE),999)<>""),"⚠️ "&$B5&" is already dead. ","")&IF(AND($C5<>"",IFERROR(VLOOKUP($C5,'Game Board'!$B$11:$F$30,5,FALSE),999)<2*$A5-1,IFERROR(VLOOKUP($C5,'Game Board'!$B$11:$F$30,5,FALSE),999)<>""),"⚠️ "&$C5&" is already dead. ","")&IF(AND($D5<>"",IFERROR(VLOOKUP($D5,'Game Board'!$B$11:$F$30,5,FALSE),999)<2*$A5-1,IFERROR(VLOOKUP($D5,'Game Board'!$B$11:$F$30,5,FALSE),999)<>""),"⚠️ "&$D5&" is already dead. ",""))
A6: 3 | E6: =IF($D6="","",$D6&" → "&IFERROR(IF(VLOOKUP($D6,Setup!$C$14:$F$33,4,FALSE)="Werewolf","🐺 IS A WEREWOLF","✅ not a werewolf"),"?")) | F6: =IF($B6="","",IF($B6=$C6,"🛡️ The wolves attacked "&$B6&" — but the Doctor was there! Nobody died.","☠️ "&$B6&" was killed in the night.")) | G6: =IF(OR($B6="",$B6=$C6),"",$B6) | H6: =TRIM(IF(AND($B6<>"",IFERROR(VLOOKUP($B6,'Game Board'!$B$11:$F$30,5,FALSE),999)<2*$A6-1,IFERROR(VLOOKUP($B6,'Game Board'!$B$11:$F$30,5,FALSE),999)<>""),"⚠️ "&$B6&" is already dead. ","")&IF(AND($C6<>"",IFERROR(VLOOKUP($C6,'Game Board'!$B$11:$F$30,5,FALSE),999)<2*$A6-1,IFERROR(VLOOKUP($C6,'Game Board'!$B$11:$F$30,5,FALSE),999)<>""),"⚠️ "&$C6&" is already dead. ","")&IF(AND($D6<>"",IFERROR(VLOOKUP($D6,'Game Board'!$B$11:$F$30,5,FALSE),999)<2*$A6-1,IFERROR(VLOOKUP($D6,'Game Board'!$B$11:$F$30,5,FALSE),999)<>""),"⚠️ "&$D6&" is already dead. ",""))
A7: 4 | E7: =IF($D7="","",$D7&" → "&IFERROR(IF(VLOOKUP($D7,Setup!$C$14:$F$33,4,FALSE)="Werewolf","🐺 IS A WEREWOLF","✅ not a werewolf"),"?")) | F7: =IF($B7="","",IF($B7=$C7,"🛡️ The wolves attacked "&$B7&" — but the Doctor was there! Nobody died.","☠️ "&$B7&" was killed in the night.")) | G7: =IF(OR($B7="",$B7=$C7),"",$B7) | H7: =TRIM(IF(AND($B7<>"",IFERROR(VLOOKUP($B7,'Game Board'!$B$11:$F$30,5,FALSE),999)<2*$A7-1,IFERROR(VLOOKUP($B7,'Game Board'!$B$11:$F$30,5,FALSE),999)<>""),"⚠️ "&$B7&" is already dead. ","")&IF(AND($C7<>"",IFERROR(VLOOKUP($C7,'Game Board'!$B$11:$F$30,5,FALSE),999)<2*$A7-1,IFERROR(VLOOKUP($C7,'Game Board'!$B$11:$F$30,5,FALSE),999)<>""),"⚠️ "&$C7&" is already dead. ","")&IF(AND($D7<>"",IFERROR(VLOOKUP($D7,'Game Board'!$B$11:$F$30,5,FALSE),999)<2*$A7-1,IFERROR(VLOOKUP($D7,'Game Board'!$B$11:$F$30,5,FALSE),999)<>""),"⚠️ "&$D7&" is already dead. ",""))
A8: 5 | E8: =IF($D8="","",$D8&" → "&IFERROR(IF(VLOOKUP($D8,Setup!$C$14:$F$33,4,FALSE)="Werewolf","🐺 IS A WEREWOLF","✅ not a werewolf"),"?")) | F8: =IF($B8="","",IF($B8=$C8,"🛡️ The wolves attacked "&$B8&" — but the Doctor was there! Nobody died.","☠️ "&$B8&" was killed in the night.")) | G8: =IF(OR($B8="",$B8=$C8),"",$B8) | H8: =TRIM(IF(AND($B8<>"",IFERROR(VLOOKUP($B8,'Game Board'!$B$11:$F$30,5,FALSE),999)<2*$A8-1,IFERROR(VLOOKUP($B8,'Game Board'!$B$11:$F$30,5,FALSE),999)<>""),"⚠️ "&$B8&" is already dead. ","")&IF(AND($C8<>"",IFERROR(VLOOKUP($C8,'Game Board'!$B$11:$F$30,5,FALSE),999)<2*$A8-1,IFERROR(VLOOKUP($C8,'Game Board'!$B$11:$F$30,5,FALSE),999)<>""),"⚠️ "&$C8&" is already dead. ","")&IF(AND($D8<>"",IFERROR(VLOOKUP($D8,'Game Board'!$B$11:$F$30,5,FALSE),999)<2*$A8-1,IFERROR(VLOOKUP($D8,'Game Board'!$B$11:$F$30,5,FALSE),999)<>""),"⚠️ "&$D8&" is already dead. ",""))
A9: 6 | E9: =IF($D9="","",$D9&" → "&IFERROR(IF(VLOOKUP($D9,Setup!$C$14:$F$33,4,FALSE)="Werewolf","🐺 IS A WEREWOLF","✅ not a werewolf"),"?")) | F9: =IF($B9="","",IF($B9=$C9,"🛡️ The wolves attacked "&$B9&" — but the Doctor was there! Nobody died.","☠️ "&$B9&" was killed in the night.")) | G9: =IF(OR($B9="",$B9=$C9),"",$B9) | H9: =TRIM(IF(AND($B9<>"",IFERROR(VLOOKUP($B9,'Game Board'!$B$11:$F$30,5,FALSE),999)<2*$A9-1,IFERROR(VLOOKUP($B9,'Game Board'!$B$11:$F$30,5,FALSE),999)<>""),"⚠️ "&$B9&" is already dead. ","")&IF(AND($C9<>"",IFERROR(VLOOKUP($C9,'Game Board'!$B$11:$F$30,5,FALSE),999)<2*$A9-1,IFERROR(VLOOKUP($C9,'Game Board'!$B$11:$F$30,5,FALSE),999)<>""),"⚠️ "&$C9&" is already dead. ","")&IF(AND($D9<>"",IFERROR(VLOOKUP($D9,'Game Board'!$B$11:$F$30,5,FALSE),999)<2*$A9-1,IFERROR(VLOOKUP($D9,'Game Board'!$B$11:$F$30,5,FALSE),999)<>""),"⚠️ "&$D9&" is already dead. ",""))
A10: 7 | E10: =IF($D10="","",$D10&" → "&IFERROR(IF(VLOOKUP($D10,Setup!$C$14:$F$33,4,FALSE)="Werewolf","🐺 IS A WEREWOLF","✅ not a werewolf"),"?")) | F10: =IF($B10="","",IF($B10=$C10,"🛡️ The wolves attacked "&$B10&" — but the Doctor was there! Nobody died.","☠️ "&$B10&" was killed in the night.")) | G10: =IF(OR($B10="",$B10=$C10),"",$B10) | H10: =TRIM(IF(AND($B10<>"",IFERROR(VLOOKUP($B10,'Game Board'!$B$11:$F$30,5,FALSE),999)<2*$A10-1,IFERROR(VLOOKUP($B10,'Game Board'!$B$11:$F$30,5,FALSE),999)<>""),"⚠️ "&$B10&" is already dead. ","")&IF(AND($C10<>"",IFERROR(VLOOKUP($C10,'Game Board'!$B$11:$F$30,5,FALSE),999)<2*$A10-1,IFERROR(VLOOKUP($C10,'Game Board'!$B$11:$F$30,5,FALSE),999)<>""),"⚠️ "&$C10&" is already dead. ","")&IF(AND($D10<>"",IFERROR(VLOOKUP($D10,'Game Board'!$B$11:$F$30,5,FALSE),999)<2*$A10-1,IFERROR(VLOOKUP($D10,'Game Board'!$B$11:$F$30,5,FALSE),999)<>""),"⚠️ "&$D10&" is already dead. ",""))
A11: 8 | E11: =IF($D11="","",$D11&" → "&IFERROR(IF(VLOOKUP($D11,Setup!$C$14:$F$33,4,FALSE)="Werewolf","🐺 IS A WEREWOLF","✅ not a werewolf"),"?")) | F11: =IF($B11="","",IF($B11=$C11,"🛡️ The wolves attacked "&$B11&" — but the Doctor was there! Nobody died.","☠️ "&$B11&" was killed in the night.")) | G11: =IF(OR($B11="",$B11=$C11),"",$B11) | H11: =TRIM(IF(AND($B11<>"",IFERROR(VLOOKUP($B11,'Game Board'!$B$11:$F$30,5,FALSE),999)<2*$A11-1,IFERROR(VLOOKUP($B11,'Game Board'!$B$11:$F$30,5,FALSE),999)<>""),"⚠️ "&$B11&" is already dead. ","")&IF(AND($C11<>"",IFERROR(VLOOKUP($C11,'Game Board'!$B$11:$F$30,5,FALSE),999)<2*$A11-1,IFERROR(VLOOKUP($C11,'Game Board'!$B$11:$F$30,5,FALSE),999)<>""),"⚠️ "&$C11&" is already dead. ","")&IF(AND($D11<>"",IFERROR(VLOOKUP($D11,'Game Board'!$B$11:$F$30,5,FALSE),999)<2*$A11-1,IFERROR(VLOOKUP($D11,'Game Board'!$B$11:$F$30,5,FALSE),999)<>""),"⚠️ "&$D11&" is already dead. ",""))
A12: 9 | E12: =IF($D12="","",$D12&" → "&IFERROR(IF(VLOOKUP($D12,Setup!$C$14:$F$33,4,FALSE)="Werewolf","🐺 IS A WEREWOLF","✅ not a werewolf"),"?")) | F12: =IF($B12="","",IF($B12=$C12,"🛡️ The wolves attacked "&$B12&" — but the Doctor was there! Nobody died.","☠️ "&$B12&" was killed in the night.")) | G12: =IF(OR($B12="",$B12=$C12),"",$B12) | H12: =TRIM(IF(AND($B12<>"",IFERROR(VLOOKUP($B12,'Game Board'!$B$11:$F$30,5,FALSE),999)<2*$A12-1,IFERROR(VLOOKUP($B12,'Game Board'!$B$11:$F$30,5,FALSE),999)<>""),"⚠️ "&$B12&" is already dead. ","")&IF(AND($C12<>"",IFERROR(VLOOKUP($C12,'Game Board'!$B$11:$F$30,5,FALSE),999)<2*$A12-1,IFERROR(VLOOKUP($C12,'Game Board'!$B$11:$F$30,5,FALSE),999)<>""),"⚠️ "&$C12&" is already dead. ","")&IF(AND($D12<>"",IFERROR(VLOOKUP($D12,'Game Board'!$B$11:$F$30,5,FALSE),999)<2*$A12-1,IFERROR(VLOOKUP($D12,'Game Board'!$B$11:$F$30,5,FALSE),999)<>""),"⚠️ "&$D12&" is already dead. ",""))
A13: 10 | E13: =IF($D13="","",$D13&" → "&IFERROR(IF(VLOOKUP($D13,Setup!$C$14:$F$33,4,FALSE)="Werewolf","🐺 IS A WEREWOLF","✅ not a werewolf"),"?")) | F13: =IF($B13="","",IF($B13=$C13,"🛡️ The wolves attacked "&$B13&" — but the Doctor was there! Nobody died.","☠️ "&$B13&" was killed in the night.")) | G13: =IF(OR($B13="",$B13=$C13),"",$B13) | H13: =TRIM(IF(AND($B13<>"",IFERROR(VLOOKUP($B13,'Game Board'!$B$11:$F$30,5,FALSE),999)<2*$A13-1,IFERROR(VLOOKUP($B13,'Game Board'!$B$11:$F$30,5,FALSE),999)<>""),"⚠️ "&$B13&" is already dead. ","")&IF(AND($C13<>"",IFERROR(VLOOKUP($C13,'Game Board'!$B$11:$F$30,5,FALSE),999)<2*$A13-1,IFERROR(VLOOKUP($C13,'Game Board'!$B$11:$F$30,5,FALSE),999)<>""),"⚠️ "&$C13&" is already dead. ","")&IF(AND($D13<>"",IFERROR(VLOOKUP($D13,'Game Board'!$B$11:$F$30,5,FALSE),999)<2*$A13-1,IFERROR(VLOOKUP($D13,'Game Board'!$B$11:$F$30,5,FALSE),999)<>""),"⚠️ "&$D13&" is already dead. ",""))

Sheet Day
B1: ☀️ Day — the village votes
B2: In each living player's row, enter who they vote to eliminate today. 💀 rows are dead — they don't vote.
B3: Player | C3: Day 1 | D3: Day 2 | E3: Day 3 | F3: Day 4 | G3: Day 5 | H3: Day 6 | I3: Day 7 | J3: Day 8 | K3: Day 9 | L3: Day 10
A4: =IF($B4="","",IF(COUNTIFS('Game Board'!$B$11:$B$30,$B4,'Game Board'!$D$11:$D$30,"DEAD")>0,"💀","")) | B4: =IF(Setup!$C14="","",Setup!$C14)
A5: =IF($B5="","",IF(COUNTIFS('Game Board'!$B$11:$B$30,$B5,'Game Board'!$D$11:$D$30,"DEAD")>0,"💀","")) | B5: =IF(Setup!$C15="","",Setup!$C15)
A6: =IF($B6="","",IF(COUNTIFS('Game Board'!$B$11:$B$30,$B6,'Game Board'!$D$11:$D$30,"DEAD")>0,"💀","")) | B6: =IF(Setup!$C16="","",Setup!$C16)
A7: =IF($B7="","",IF(COUNTIFS('Game Board'!$B$11:$B$30,$B7,'Game Board'!$D$11:$D$30,"DEAD")>0,"💀","")) | B7: =IF(Setup!$C17="","",Setup!$C17)
A8: =IF($B8="","",IF(COUNTIFS('Game Board'!$B$11:$B$30,$B8,'Game Board'!$D$11:$D$30,"DEAD")>0,"💀","")) | B8: =IF(Setup!$C18="","",Setup!$C18)
A9: =IF($B9="","",IF(COUNTIFS('Game Board'!$B$11:$B$30,$B9,'Game Board'!$D$11:$D$30,"DEAD")>0,"💀","")) | B9: =IF(Setup!$C19="","",Setup!$C19)
A10: =IF($B10="","",IF(COUNTIFS('Game Board'!$B$11:$B$30,$B10,'Game Board'!$D$11:$D$30,"DEAD")>0,"💀","")) | B10: =IF(Setup!$C20="","",Setup!$C20)
A11: =IF($B11="","",IF(COUNTIFS('Game Board'!$B$11:$B$30,$B11,'Game Board'!$D$11:$D$30,"DEAD")>0,"💀","")) | B11: =IF(Setup!$C21="","",Setup!$C21)
A12: =IF($B12="","",IF(COUNTIFS('Game Board'!$B$11:$B$30,$B12,'Game Board'!$D$11:$D$30,"DEAD")>0,"💀","")) | B12: =IF(Setup!$C22="","",Setup!$C22)
A13: =IF($B13="","",IF(COUNTIFS('Game Board'!$B$11:$B$30,$B13,'Game Board'!$D$11:$D$30,"DEAD")>0,"💀","")) | B13: =IF(Setup!$C23="","",Setup!$C23)
A14: =IF($B14="","",IF(COUNTIFS('Game Board'!$B$11:$B$30,$B14,'Game Board'!$D$11:$D$30,"DEAD")>0,"💀","")) | B14: =IF(Setup!$C24="","",Setup!$C24)
A15: =IF($B15="","",IF(COUNTIFS('Game Board'!$B$11:$B$30,$B15,'Game Board'!$D$11:$D$30,"DEAD")>0,"💀","")) | B15: =IF(Setup!$C25="","",Setup!$C25)
... A23: =IF($B23="","",IF(COUNTIFS('Game Board'!$B$11:$B$30,$B23,'Game Board'!$D$11:$D$30,"DEAD")>0,"💀","")) | B23: =IF(Setup!$C33="","",Setup!$C33)
B25: 🗳 votes received
B26: =IF($B4="","",$B4) | C26: =IF($B26="","",COUNTIF(C$4:C$23,$B26)) | D26: =IF($B26="","",COUNTIF(D$4:D$23,$B26)) | E26: =IF($B26="","",COUNTIF(E$4:E$23,$B26)) | F26: =IF($B26="","",COUNTIF(F$4:F$23,$B26)) | G26: =IF($B26="","",COUNTIF(G$4:G$23,$B26)) | H26: =IF($B26="","",COUNTIF(H$4:H$23,$B26)) | I26: =IF($B26="","",COUNTIF(I$4:I$23,$B26)) | J26: =IF($B26="","",COUNTIF(J$4:J$23,$B26)) | ... L26: =IF($B26="","",COUNTIF(L$4:L$23,$B26))
B27: =IF($B5="","",$B5) | C27: =IF($B27="","",COUNTIF(C$4:C$23,$B27)) | D27: =IF($B27="","",COUNTIF(D$4:D$23,$B27)) | E27: =IF($B27="","",COUNTIF(E$4:E$23,$B27)) | F27: =IF($B27="","",COUNTIF(F$4:F$23,$B27)) | G27: =IF($B27="","",COUNTIF(G$4:G$23,$B27)) | H27: =IF($B27="","",COUNTIF(H$4:H$23,$B27)) | I27: =IF($B27="","",COUNTIF(I$4:I$23,$B27)) | J27: =IF($B27="","",COUNTIF(J$4:J$23,$B27)) | ... L27: =IF($B27="","",COUNTIF(L$4:L$23,$B27))
B28: =IF($B6="","",$B6) | C28: =IF($B28="","",COUNTIF(C$4:C$23,$B28)) | D28: =IF($B28="","",COUNTIF(D$4:D$23,$B28)) | E28: =IF($B28="","",COUNTIF(E$4:E$23,$B28)) | F28: =IF($B28="","",COUNTIF(F$4:F$23,$B28)) | G28: =IF($B28="","",COUNTIF(G$4:G$23,$B28)) | H28: =IF($B28="","",COUNTIF(H$4:H$23,$B28)) | I28: =IF($B28="","",COUNTIF(I$4:I$23,$B28)) | J28: =IF($B28="","",COUNTIF(J$4:J$23,$B28)) | ... L28: =IF($B28="","",COUNTIF(L$4:L$23,$B28))
B29: =IF($B7="","",$B7) | C29: =IF($B29="","",COUNTIF(C$4:C$23,$B29)) | D29: =IF($B29="","",COUNTIF(D$4:D$23,$B29)) | E29: =IF($B29="","",COUNTIF(E$4:E$23,$B29)) | F29: =IF($B29="","",COUNTIF(F$4:F$23,$B29)) | G29: =IF($B29="","",COUNTIF(G$4:G$23,$B29)) | H29: =IF($B29="","",COUNTIF(H$4:H$23,$B29)) | I29: =IF($B29="","",COUNTIF(I$4:I$23,$B29)) | J29: =IF($B29="","",COUNTIF(J$4:J$23,$B29)) | ... L29: =IF($B29="","",COUNTIF(L$4:L$23,$B29))
B30: =IF($B8="","",$B8) | C30: =IF($B30="","",COUNTIF(C$4:C$23,$B30)) | D30: =IF($B30="","",COUNTIF(D$4:D$23,$B30)) | E30: =IF($B30="","",COUNTIF(E$4:E$23,$B30)) | F30: =IF($B30="","",COUNTIF(F$4:F$23,$B30)) | G30: =IF($B30="","",COUNTIF(G$4:G$23,$B30)) | H30: =IF($B30="","",COUNTIF(H$4:H$23,$B30)) | I30: =IF($B30="","",COUNTIF(I$4:I$23,$B30)) | J30: =IF($B30="","",COUNTIF(J$4:J$23,$B30)) | ... L30: =IF($B30="","",COUNTIF(L$4:L$23,$B30))
B31: =IF($B9="","",$B9) | C31: =IF($B31="","",COUNTIF(C$4:C$23,$B31)) | D31: =IF($B31="","",COUNTIF(D$4:D$23,$B31)) | E31: =IF($B31="","",COUNTIF(E$4:E$23,$B31)) | F31: =IF($B31="","",COUNTIF(F$4:F$23,$B31)) | G31: =IF($B31="","",COUNTIF(G$4:G$23,$B31)) | H31: =IF($B31="","",COUNTIF(H$4:H$23,$B31)) | I31: =IF($B31="","",COUNTIF(I$4:I$23,$B31)) | J31: =IF($B31="","",COUNTIF(J$4:J$23,$B31)) | ... L31: =IF($B31="","",COUNTIF(L$4:L$23,$B31))
B32: =IF($B10="","",$B10) | C32: =IF($B32="","",COUNTIF(C$4:C$23,$B32)) | D32: =IF($B32="","",COUNTIF(D$4:D$23,$B32)) | E32: =IF($B32="","",COUNTIF(E$4:E$23,$B32)) | F32: =IF($B32="","",COUNTIF(F$4:F$23,$B32)) | G32: =IF($B32="","",COUNTIF(G$4:G$23,$B32)) | H32: =IF($B32="","",COUNTIF(H$4:H$23,$B32)) | I32: =IF($B32="","",COUNTIF(I$4:I$23,$B32)) | J32: =IF($B32="","",COUNTIF(J$4:J$23,$B32)) | ... L32: =IF($B32="","",COUNTIF(L$4:L$23,$B32))
B33: =IF($B11="","",$B11) | C33: =IF($B33="","",COUNTIF(C$4:C$23,$B33)) | D33: =IF($B33="","",COUNTIF(D$4:D$23,$B33)) | E33: =IF($B33="","",COUNTIF(E$4:E$23,$B33)) | F33: =IF($B33="","",COUNTIF(F$4:F$23,$B33)) | G33: =IF($B33="","",COUNTIF(G$4:G$23,$B33)) | H33: =IF($B33="","",COUNTIF(H$4:H$23,$B33)) | I33: =IF($B33="","",COUNTIF(I$4:I$23,$B33)) | J33: =IF($B33="","",COUNTIF(J$4:J$23,$B33)) | ... L33: =IF($B33="","",COUNTIF(L$4:L$23,$B33))
B34: =IF($B12="","",$B12) | C34: =IF($B34="","",COUNTIF(C$4:C$23,$B34)) | D34: =IF($B34="","",COUNTIF(D$4:D$23,$B34)) | E34: =IF($B34="","",COUNTIF(E$4:E$23,$B34)) | F34: =IF($B34="","",COUNTIF(F$4:F$23,$B34)) | G34: =IF($B34="","",COUNTIF(G$4:G$23,$B34)) | H34: =IF($B34="","",COUNTIF(H$4:H$23,$B34)) | I34: =IF($B34="","",COUNTIF(I$4:I$23,$B34)) | J34: =IF($B34="","",COUNTIF(J$4:J$23,$B34)) | ... L34: =IF($B34="","",COUNTIF(L$4:L$23,$B34))
B35: =IF($B13="","",$B13) | C35: =IF($B35="","",COUNTIF(C$4:C$23,$B35)) | D35: =IF($B35="","",COUNTIF(D$4:D$23,$B35)) | E35: =IF($B35="","",COUNTIF(E$4:E$23,$B35)) | F35: =IF($B35="","",COUNTIF(F$4:F$23,$B35)) | G35: =IF($B35="","",COUNTIF(G$4:G$23,$B35)) | H35: =IF($B35="","",COUNTIF(H$4:H$23,$B35)) | I35: =IF($B35="","",COUNTIF(I$4:I$23,$B35)) | J35: =IF($B35="","",COUNTIF(J$4:J$23,$B35)) | ... L35: =IF($B35="","",COUNTIF(L$4:L$23,$B35))
B36: =IF($B14="","",$B14) | C36: =IF($B36="","",COUNTIF(C$4:C$23,$B36)) | D36: =IF($B36="","",COUNTIF(D$4:D$23,$B36)) | E36: =IF($B36="","",COUNTIF(E$4:E$23,$B36)) | F36: =IF($B36="","",COUNTIF(F$4:F$23,$B36)) | G36: =IF($B36="","",COUNTIF(G$4:G$23,$B36)) | H36: =IF($B36="","",COUNTIF(H$4:H$23,$B36)) | I36: =IF($B36="","",COUNTIF(I$4:I$23,$B36)) | J36: =IF($B36="","",COUNTIF(J$4:J$23,$B36)) | ... L36: =IF($B36="","",COUNTIF(L$4:L$23,$B36))
B37: =IF($B15="","",$B15) | C37: =IF($B37="","",COUNTIF(C$4:C$23,$B37)) | D37: =IF($B37="","",COUNTIF(D$4:D$23,$B37)) | E37: =IF($B37="","",COUNTIF(E$4:E$23,$B37)) | F37: =IF($B37="","",COUNTIF(F$4:F$23,$B37)) | G37: =IF($B37="","",COUNTIF(G$4:G$23,$B37)) | H37: =IF($B37="","",COUNTIF(H$4:H$23,$B37)) | I37: =IF($B37="","",COUNTIF(I$4:I$23,$B37)) | J37: =IF($B37="","",COUNTIF(J$4:J$23,$B37)) | ... L37: =IF($B37="","",COUNTIF(L$4:L$23,$B37))
... B45: =IF($B23="","",$B23) | C45: =IF($B45="","",COUNTIF(C$4:C$23,$B45)) | D45: =IF($B45="","",COUNTIF(D$4:D$23,$B45)) | E45: =IF($B45="","",COUNTIF(E$4:E$23,$B45)) | F45: =IF($B45="","",COUNTIF(F$4:F$23,$B45)) | G45: =IF($B45="","",COUNTIF(G$4:G$23,$B45)) | H45: =IF($B45="","",COUNTIF(H$4:H$23,$B45)) | I45: =IF($B45="","",COUNTIF(I$4:I$23,$B45)) | J45: =IF($B45="","",COUNTIF(J$4:J$23,$B45)) | ... L45: =IF($B45="","",COUNTIF(L$4:L$23,$B45))
B47: Most votes | C47: =IF(COUNT(C$26:C$45)=0,"",IF(MAX(C$26:C$45)=0,"",INDEX($B$26:$B$45,MATCH(MAX(C$26:C$45),C$26:C$45,0)))) | D47: =IF(COUNT(D$26:D$45)=0,"",IF(MAX(D$26:D$45)=0,"",INDEX($B$26:$B$45,MATCH(MAX(D$26:D$45),D$26:D$45,0)))) | E47: =IF(COUNT(E$26:E$45)=0,"",IF(MAX(E$26:E$45)=0,"",INDEX($B$26:$B$45,MATCH(MAX(E$26:E$45),E$26:E$45,0)))) | F47: =IF(COUNT(F$26:F$45)=0,"",IF(MAX(F$26:F$45)=0,"",INDEX($B$26:$B$45,MATCH(MAX(F$26:F$45),F$26:F$45,0)))) | G47: =IF(COUNT(G$26:G$45)=0,"",IF(MAX(G$26:G$45)=0,"",INDEX($B$26:$B$45,MATCH(MAX(G$26:G$45),G$26:G$45,0)))) | H47: =IF(COUNT(H$26:H$45)=0,"",IF(MAX(H$26:H$45)=0,"",INDEX($B$26:$B$45,MATCH(MAX(H$26:H$45),H$26:H$45,0)))) | I47: =IF(COUNT(I$26:I$45)=0,"",IF(MAX(I$26:I$45)=0,"",INDEX($B$26:$B$45,MATCH(MAX(I$26:I$45),I$26:I$45,0)))) | J47: =IF(COUNT(J$26:J$45)=0,"",IF(MAX(J$26:J$45)=0,"",INDEX($B$26:$B$45,MATCH(MAX(J$26:J$45),J$26:J$45,0)))) | ... L47: =IF(COUNT(L$26:L$45)=0,"",IF(MAX(L$26:L$45)=0,"",INDEX($B$26:$B$45,MATCH(MAX(L$26:L$45),L$26:L$45,0))))
B48: Tie? | C48: =IF(C$47="","",IF(COUNTIF(C$26:C$45,MAX(C$26:C$45))>1,"⚠️ TIE — revote or nobody","")) | D48: =IF(D$47="","",IF(COUNTIF(D$26:D$45,MAX(D$26:D$45))>1,"⚠️ TIE — revote or nobody","")) | E48: =IF(E$47="","",IF(COUNTIF(E$26:E$45,MAX(E$26:E$45))>1,"⚠️ TIE — revote or nobody","")) | F48: =IF(F$47="","",IF(COUNTIF(F$26:F$45,MAX(F$26:F$45))>1,"⚠️ TIE — revote or nobody","")) | G48: =IF(G$47="","",IF(COUNTIF(G$26:G$45,MAX(G$26:G$45))>1,"⚠️ TIE — revote or nobody","")) | H48: =IF(H$47="","",IF(COUNTIF(H$26:H$45,MAX(H$26:H$45))>1,"⚠️ TIE — revote or nobody","")) | I48: =IF(I$47="","",IF(COUNTIF(I$26:I$45,MAX(I$26:I$45))>1,"⚠️ TIE — revote or nobody","")) | J48: =IF(J$47="","",IF(COUNTIF(J$26:J$45,MAX(J$26:J$45))>1,"⚠️ TIE — revote or nobody","")) | ... L48: =IF(L$47="","",IF(COUNTIF(L$26:L$45,MAX(L$26:L$45))>1,"⚠️ TIE — revote or nobody",""))
B49: Voted out (auto) | C49: =IF(C$47="","",IF(C$48<>"","",C$47)) | D49: =IF(D$47="","",IF(D$48<>"","",D$47)) | E49: =IF(E$47="","",IF(E$48<>"","",E$47)) | F49: =IF(F$47="","",IF(F$48<>"","",F$47)) | G49: =IF(G$47="","",IF(G$48<>"","",G$47)) | H49: =IF(H$47="","",IF(H$48<>"","",H$47)) | I49: =IF(I$47="","",IF(I$48<>"","",I$47)) | J49: =IF(J$47="","",IF(J$48<>"","",J$47)) | ... L49: =IF(L$47="","",IF(L$48<>"","",L$47))
B50: Moderator override
B51: ☠️ ELIMINATED TODAY | C51: =IF(C$50<>"",C$50,C$49) | D51: =IF(D$50<>"",D$50,D$49) | E51: =IF(E$50<>"",E$50,E$49) | F51: =IF(F$50<>"",F$50,F$49) | G51: =IF(G$50<>"",G$50,G$49) | H51: =IF(H$50<>"",H$50,H$49) | I51: =IF(I$50<>"",I$50,I$49) | J51: =IF(J$50<>"",J$50,J$49) | ... L51: =IF(L$50<>"",L$50,L$49)

Sheet Game Board
B1: 🐺 Werewolves — Moderator's Board
B3: =IF(COUNTA(Setup!$C$14:$C$33)=0,"👋 Add players on the Setup sheet to begin",IF($E$5=0,"🎉 THE VILLAGE WINS — every last werewolf is gone!",IF($E$5>=$G$5,"🐺 THE WEREWOLVES WIN — the pack overruns the village!","⚔️ Game on — "&$E$5&" werewolf(s) hiding among "&$G$5&" townsfolk")))
I4: Hunter (auto) | J4: =IFERROR(INDEX(Setup!$C$14:$C$33,MATCH("Hunter",Setup!$F$14:$F$33,0)),"")
B5: 🙂 Alive | C5: =COUNTIF('Game Board'!$D$11:$D$30,"ALIVE") | D5: 🐺 Wolves | E5: =COUNTIFS($C$11:$C$30,"Werewolf",'Game Board'!$D$11:$D$30,"ALIVE") | F5: 🏘 Town | G5: =$C$5-$E$5 | I5: fell in phase # | J5: =IF($J$4="",999,MIN(IFERROR(MATCH($J$4,Night!$G$4:$G$13,0)*2-1,999),IFERROR(MATCH($J$4,Day!$C$51:$L$51,0)*2,999)))
B7: 🏹 Hunter's revenge — the moment the Hunter dies, they shoot one player. Record it here:
A10: # | B10: Player | C10: Role | D10: Status | E10: Fate | F10: phase # (auto)
A11: 1 | B11: =IF(Setup!$C14="","",Setup!$C14) | C11: =IF($B11="","",Setup!$F14) | D11: =IF($B11="","",IF($F11="","ALIVE","DEAD")) | E11: =IF($F11="","",IF(AND($G$7<>"",$B11=$G$7,$F11=$J$5),"🏹 Shot by the Hunter's last arrow",IF(MOD($F11,2)=1,"☠️ Night "&($F11+1)/2&" — eaten by wolves","🗳 Day "&$F11/2&" — voted out"))) | F11: =IF($B11="","",IF(MIN(IFERROR(MATCH($B11,Night!$G$4:$G$13,0)*2-1,999),IFERROR(MATCH($B11,Day!$C$51:$L$51,0)*2,999),IF(AND($G$7<>"",$B11=$G$7),$J$5,999))=999,"",MIN(IFERROR(MATCH($B11,Night!$G$4:$G$13,0)*2-1,999),IFERROR(MATCH($B11,Day!$C$51:$L$51,0)*2,999),IF(AND($G$7<>"",$B11=$G$7),$J$5,999))))
A12: 2 | B12: =IF(Setup!$C15="","",Setup!$C15) | C12: =IF($B12="","",Setup!$F15) | D12: =IF($B12="","",IF($F12="","ALIVE","DEAD")) | E12: =IF($F12="","",IF(AND($G$7<>"",$B12=$G$7,$F12=$J$5),"🏹 Shot by the Hunter's last arrow",IF(MOD($F12,2)=1,"☠️ Night "&($F12+1)/2&" — eaten by wolves","🗳 Day "&$F12/2&" — voted out"))) | F12: =IF($B12="","",IF(MIN(IFERROR(MATCH($B12,Night!$G$4:$G$13,0)*2-1,999),IFERROR(MATCH($B12,Day!$C$51:$L$51,0)*2,999),IF(AND($G$7<>"",$B12=$G$7),$J$5,999))=999,"",MIN(IFERROR(MATCH($B12,Night!$G$4:$G$13,0)*2-1,999),IFERROR(MATCH($B12,Day!$C$51:$L$51,0)*2,999),IF(AND($G$7<>"",$B12=$G$7),$J$5,999))))
A13: 3 | B13: =IF(Setup!$C16="","",Setup!$C16) | C13: =IF($B13="","",Setup!$F16) | D13: =IF($B13="","",IF($F13="","ALIVE","DEAD")) | E13: =IF($F13="","",IF(AND($G$7<>"",$B13=$G$7,$F13=$J$5),"🏹 Shot by the Hunter's last arrow",IF(MOD($F13,2)=1,"☠️ Night "&($F13+1)/2&" — eaten by wolves","🗳 Day "&$F13/2&" — voted out"))) | F13: =IF($B13="","",IF(MIN(IFERROR(MATCH($B13,Night!$G$4:$G$13,0)*2-1,999),IFERROR(MATCH($B13,Day!$C$51:$L$51,0)*2,999),IF(AND($G$7<>"",$B13=$G$7),$J$5,999))=999,"",MIN(IFERROR(MATCH($B13,Night!$G$4:$G$13,0)*2-1,999),IFERROR(MATCH($B13,Day!$C$51:$L$51,0)*2,999),IF(AND($G$7<>"",$B13=$G$7),$J$5,999))))
A14: 4 | B14: =IF(Setup!$C17="","",Setup!$C17) | C14: =IF($B14="","",Setup!$F17) | D14: =IF($B14="","",IF($F14="","ALIVE","DEAD")) | E14: =IF($F14="","",IF(AND($G$7<>"",$B14=$G$7,$F14=$J$5),"🏹 Shot by the Hunter's last arrow",IF(MOD($F14,2)=1,"☠️ Night "&($F14+1)/2&" — eaten by wolves","🗳 Day "&$F14/2&" — voted out"))) | F14: =IF($B14="","",IF(MIN(IFERROR(MATCH($B14,Night!$G$4:$G$13,0)*2-1,999),IFERROR(MATCH($B14,Day!$C$51:$L$51,0)*2,999),IF(AND($G$7<>"",$B14=$G$7),$J$5,999))=999,"",MIN(IFERROR(MATCH($B14,Night!$G$4:$G$13,0)*2-1,999),IFERROR(MATCH($B14,Day!$C$51:$L$51,0)*2,999),IF(AND($G$7<>"",$B14=$G$7),$J$5,999))))
A15: 5 | B15: =IF(Setup!$C18="","",Setup!$C18) | C15: =IF($B15="","",Setup!$F18) | D15: =IF($B15="","",IF($F15="","ALIVE","DEAD")) | E15: =IF($F15="","",IF(AND($G$7<>"",$B15=$G$7,$F15=$J$5),"🏹 Shot by the Hunter's last arrow",IF(MOD($F15,2)=1,"☠️ Night "&($F15+1)/2&" — eaten by wolves","🗳 Day "&$F15/2&" — voted out"))) | F15: =IF($B15="","",IF(MIN(IFERROR(MATCH($B15,Night!$G$4:$G$13,0)*2-1,999),IFERROR(MATCH($B15,Day!$C$51:$L$51,0)*2,999),IF(AND($G$7<>"",$B15=$G$7),$J$5,999))=999,"",MIN(IFERROR(MATCH($B15,Night!$G$4:$G$13,0)*2-1,999),IFERROR(MATCH($B15,Day!$C$51:$L$51,0)*2,999),IF(AND($G$7<>"",$B15=$G$7),$J$5,999))))
A16: 6 | B16: =IF(Setup!$C19="","",Setup!$C19) | C16: =IF($B16="","",Setup!$F19) | D16: =IF($B16="","",IF($F16="","ALIVE","DEAD")) | E16: =IF($F16="","",IF(AND($G$7<>"",$B16=$G$7,$F16=$J$5),"🏹 Shot by the Hunter's last arrow",IF(MOD($F16,2)=1,"☠️ Night "&($F16+1)/2&" — eaten by wolves","🗳 Day "&$F16/2&" — voted out"))) | F16: =IF($B16="","",IF(MIN(IFERROR(MATCH($B16,Night!$G$4:$G$13,0)*2-1,999),IFERROR(MATCH($B16,Day!$C$51:$L$51,0)*2,999),IF(AND($G$7<>"",$B16=$G$7),$J$5,999))=999,"",MIN(IFERROR(MATCH($B16,Night!$G$4:$G$13,0)*2-1,999),IFERROR(MATCH($B16,Day!$C$51:$L$51,0)*2,999),IF(AND($G$7<>"",$B16=$G$7),$J$5,999))))
A17: 7 | B17: =IF(Setup!$C20="","",Setup!$C20) | C17: =IF($B17="","",Setup!$F20) | D17: =IF($B17="","",IF($F17="","ALIVE","DEAD")) | E17: =IF($F17="","",IF(AND($G$7<>"",$B17=$G$7,$F17=$J$5),"🏹 Shot by the Hunter's last arrow",IF(MOD($F17,2)=1,"☠️ Night "&($F17+1)/2&" — eaten by wolves","🗳 Day "&$F17/2&" — voted out"))) | F17: =IF($B17="","",IF(MIN(IFERROR(MATCH($B17,Night!$G$4:$G$13,0)*2-1,999),IFERROR(MATCH($B17,Day!$C$51:$L$51,0)*2,999),IF(AND($G$7<>"",$B17=$G$7),$J$5,999))=999,"",MIN(IFERROR(MATCH($B17,Night!$G$4:$G$13,0)*2-1,999),IFERROR(MATCH($B17,Day!$C$51:$L$51,0)*2,999),IF(AND($G$7<>"",$B17=$G$7),$J$5,999))))
A18: 8 | B18: =IF(Setup!$C21="","",Setup!$C21) | C18: =IF($B18="","",Setup!$F21) | D18: =IF($B18="","",IF($F18="","ALIVE","DEAD")) | E18: =IF($F18="","",IF(AND($G$7<>"",$B18=$G$7,$F18=$J$5),"🏹 Shot by the Hunter's last arrow",IF(MOD($F18,2)=1,"☠️ Night "&($F18+1)/2&" — eaten by wolves","🗳 Day "&$F18/2&" — voted out"))) | F18: =IF($B18="","",IF(MIN(IFERROR(MATCH($B18,Night!$G$4:$G$13,0)*2-1,999),IFERROR(MATCH($B18,Day!$C$51:$L$51,0)*2,999),IF(AND($G$7<>"",$B18=$G$7),$J$5,999))=999,"",MIN(IFERROR(MATCH($B18,Night!$G$4:$G$13,0)*2-1,999),IFERROR(MATCH($B18,Day!$C$51:$L$51,0)*2,999),IF(AND($G$7<>"",$B18=$G$7),$J$5,999))))
A19: 9 | B19: =IF(Setup!$C22="","",Setup!$C22) | C19: =IF($B19="","",Setup!$F22) | D19: =IF($B19="","",IF($F19="","ALIVE","DEAD")) | E19: =IF($F19="","",IF(AND($G$7<>"",$B19=$G$7,$F19=$J$5),"🏹 Shot by the Hunter's last arrow",IF(MOD($F19,2)=1,"☠️ Night "&($F19+1)/2&" — eaten by wolves","🗳 Day "&$F19/2&" — voted out"))) | F19: =IF($B19="","",IF(MIN(IFERROR(MATCH($B19,Night!$G$4:$G$13,0)*2-1,999),IFERROR(MATCH($B19,Day!$C$51:$L$51,0)*2,999),IF(AND($G$7<>"",$B19=$G$7),$J$5,999))=999,"",MIN(IFERROR(MATCH($B19,Night!$G$4:$G$13,0)*2-1,999),IFERROR(MATCH($B19,Day!$C$51:$L$51,0)*2,999),IF(AND($G$7<>"",$B19=$G$7),$J$5,999))))
A20: 10 | B20: =IF(Setup!$C23="","",Setup!$C23) | C20: =IF($B20="","",Setup!$F23) | D20: =IF($B20="","",IF($F20="","ALIVE","DEAD")) | E20: =IF($F20="","",IF(AND($G$7<>"",$B20=$G$7,$F20=$J$5),"🏹 Shot by the Hunter's last arrow",IF(MOD($F20,2)=1,"☠️ Night "&($F20+1)/2&" — eaten by wolves","🗳 Day "&$F20/2&" — voted out"))) | F20: =IF($B20="","",IF(MIN(IFERROR(MATCH($B20,Night!$G$4:$G$13,0)*2-1,999),IFERROR(MATCH($B20,Day!$C$51:$L$51,0)*2,999),IF(AND($G$7<>"",$B20=$G$7),$J$5,999))=999,"",MIN(IFERROR(MATCH($B20,Night!$G$4:$G$13,0)*2-1,999),IFERROR(MATCH($B20,Day!$C$51:$L$51,0)*2,999),IF(AND($G$7<>"",$B20=$G$7),$J$5,999))))
A21: 11 | B21: =IF(Setup!$C24="","",Setup!$C24) | C21: =IF($B21="","",Setup!$F24) | D21: =IF($B21="","",IF($F21="","ALIVE","DEAD")) | E21: =IF($F21="","",IF(AND($G$7<>"",$B21=$G$7,$F21=$J$5),"🏹 Shot by the Hunter's last arrow",IF(MOD($F21,2)=1,"☠️ Night "&($F21+1)/2&" — eaten by wolves","🗳 Day "&$F21/2&" — voted out"))) | F21: =IF($B21="","",IF(MIN(IFERROR(MATCH($B21,Night!$G$4:$G$13,0)*2-1,999),IFERROR(MATCH($B21,Day!$C$51:$L$51,0)*2,999),IF(AND($G$7<>"",$B21=$G$7),$J$5,999))=999,"",MIN(IFERROR(MATCH($B21,Night!$G$4:$G$13,0)*2-1,999),IFERROR(MATCH($B21,Day!$C$51:$L$51,0)*2,999),IF(AND($G$7<>"",$B21=$G$7),$J$5,999))))
A22: 12 | B22: =IF(Setup!$C25="","",Setup!$C25) | C22: =IF($B22="","",Setup!$F25) | D22: =IF($B22="","",IF($F22="","ALIVE","DEAD")) | E22: =IF($F22="","",IF(AND($G$7<>"",$B22=$G$7,$F22=$J$5),"🏹 Shot by the Hunter's last arrow",IF(MOD($F22,2)=1,"☠️ Night "&($F22+1)/2&" — eaten by wolves","🗳 Day "&$F22/2&" — voted out"))) | F22: =IF($B22="","",IF(MIN(IFERROR(MATCH($B22,Night!$G$4:$G$13,0)*2-1,999),IFERROR(MATCH($B22,Day!$C$51:$L$51,0)*2,999),IF(AND($G$7<>"",$B22=$G$7),$J$5,999))=999,"",MIN(IFERROR(MATCH($B22,Night!$G$4:$G$13,0)*2-1,999),IFERROR(MATCH($B22,Day!$C$51:$L$51,0)*2,999),IF(AND($G$7<>"",$B22=$G$7),$J$5,999))))
... A30: 20 | B30: =IF(Setup!$C33="","",Setup!$C33) | C30: =IF($B30="","",Setup!$F33) | D30: =IF($B30="","",IF($F30="","ALIVE","DEAD")) | E30: =IF($F30="","",IF(AND($G$7<>"",$B30=$G$7,$F30=$J$5),"🏹 Shot by the Hunter's last arrow",IF(MOD($F30,2)=1,"☠️ Night "&($F30+1)/2&" — eaten by wolves","🗳 Day "&$F30/2&" — voted out"))) | F30: =IF($B30="","",IF(MIN(IFERROR(MATCH($B30,Night!$G$4:$G$13,0)*2-1,999),IFERROR(MATCH($B30,Day!$C$51:$L$51,0)*2,999),IF(AND($G$7<>"",$B30=$G$7),$J$5,999))=999,"",MIN(IFERROR(MATCH($B30,Night!$G$4:$G$13,0)*2-1,999),IFERROR(MATCH($B30,Day!$C$51:$L$51,0)*2,999),IF(AND($G$7<>"",$B30=$G$7),$J$5,999))))
